Municipio;Votos;% votos validos no municipio;Posicao entre os candidatos
ITAÍBA;8876;56,57;1
ARCOVERDE;4162;11,16;3
ÁGUAS BELAS;3526;14,89;2
MANARI;2434;23,85;2
TUPANATINGA;1920;15,97;3
PETROLÂNDIA;1461;7,9;2
BUÍQUE;1384;4,94;4
IGARASSU;1310;1,98;7
IBIMIRIM;944;6,04;5
INAJÁ;816;7,02;4
PESQUEIRA;697;1,95;10
GARANHUNS;617;0,86;14
PEDRA;468;3,41;7
SALGUEIRO;442;1,37;12
PETROLINA;425;0,23;39
BREJO DA MADRE DE DEUS;374;1,48;13
CARUARU;318;0,17;63
SURUBIM;255;0,72;14
RECIFE;244;0,03;187
SANHARÓ;234;2,05;8
TACARATU;202;1,49;5
OLINDA;186;0,08;107
IATI;145;1,37;9
SERTÂNIA;130;0,69;17
SÃO BENTO DO UNA;101;0,39;13
CUSTÓDIA;100;0,5;16
SERRA TALHADA;87;0,18;27
JABOATÃO DOS GUARARAPES;79;0,02;187
VENTUROSA;73;0,67;14
TACAIMBÓ;72;0,91;6
TRIUNFO;72;0,8;12
MIRANDIBA;64;0,77;16
JATOBÁ;59;0,7;10
SÃO JOÃO;58;0,46;19
PAULISTA;55;0,03;153
PARNAMIRIM;53;0,38;26
BEZERROS;48;0,14;61
CAETÉS;45;0,33;29
POÇÃO;45;0,64;15
BELO JARDIM;42;0,1;67
VERDEJANTE;37;0,58;11
ALAGOINHA;36;0,4;22
ABREU E LIMA;34;0,06;96
OROCÓ;31;0,31;19
LAJEDO;29;0,13;48
SÃO JOSÉ DO BELMONTE;26;0,13;33
BOM CONSELHO;25;0,1;32
CABO DE SANTO AGOSTINHO;25;0,02;129
AFOGADOS DA INGAZEIRA;24;0,12;50
IGUARACY;24;0,37;20
CAMARAGIBE;23;0,02;163
TABIRA;23;0,15;40
LAGOA DOS GATOS;19;0,23;27
SANTA MARIA DA BOA VISTA;19;0,08;54
PARANATAMA;18;0,2;29
SANTA CRUZ DA BAIXA VERDE;18;0,25;19
FLORESTA;17;0,09;47
ITAMBÉ;15;0,09;59
SERRITA;15;0,12;38
AGRESTINA;14;0,09;52
SALOÁ;14;0,16;31
SÃO LOURENÇO DA MATA;14;0,02;154
CASINHAS;13;0,15;28
RIACHO DAS ALMAS;13;0,08;59
ALTINHO;12;0,1;55
BELÉM DO SÃO FRANCISCO;12;0,1;43
BREJÃO;12;0,17;34
CORRENTES;12;0,13;29
GOIANA;12;0,02;121
SÃO CAITANO;12;0,05;72
SÃO JOSÉ DO EGITO;12;0,07;55
CARNAUBEIRA DA PENHA;11;0,12;34
ITAPISSUMA;11;0,07;52
JOÃO ALFREDO;11;0,06;54
BOM JARDIM;10;0,04;71
GRAVATÁ;10;0,02;140
LAGOA GRANDE;10;0,06;54
TEREZINHA;9;0,18;20
VITÓRIA DE SANTO ANTÃO;9;0,01;149
FLORES;8;0,07;38
MOREILÂNDIA;8;0,12;39
SANTA CRUZ DO CAPIBARIBE;8;0,02;100
TERRA NOVA;8;0,12;39
TUPARETAMA;8;0,13;31
CEDRO;7;0,1;38
MORENO;7;0,02;120
QUIPAPÁ;7;0,07;52
CACHOEIRINHA;6;0,05;57
CAPOEIRAS;6;0,05;55
CARPINA;6;0,01;145
INGAZEIRA;6;0,19;26
LAGOA DO OURO;6;0,07;42
PANELAS;6;0,04;61
CABROBÓ;5;0,03;79
CALÇADO;5;0,09;40
CAMOCIM DE SÃO FÉLIX;5;0,05;87
IPUBI;5;0,03;68
MARAIAL;5;0,09;45
PASSIRA;5;0,03;124
ARAÇOIABA;4;0,03;80
BARRA DE GUABIRABA;4;0,05;66
CARNAÍBA;4;0,03;70
FREI MIGUELINHO;4;0,04;73
GLÓRIA DO GOITÁ;4;0,02;109
JUCATI;4;0,06;49
JUREMA;4;0,05;59
NAZARÉ DA MATA;4;0,02;121
OROBÓ;4;0,03;91
OURICURI;4;0,01;122
SANTA MARIA DO CAMBUCÁ;4;0,05;66
TIMBAÚBA;4;0,01;135
VERTENTE DO LÉRIO;4;0,06;44
ÁGUA PRETA;4;0,03;101
ANGELIM;3;0,04;41
CUMARU;3;0,03;103
IBIRAJUBA;3;0,06;55
ILHA DE ITAMARACÁ;3;0,02;143
IPOJUCA;3;0,01;178
JUPI;3;0,03;56
PALMEIRINA;3;0,07;43
SANTA CRUZ;3;0,03;53
AFRÂNIO;2;0,02;71
ALIANÇA;2;0,01;138
ARARIPINA;2;0,01;122
BETÂNIA;2;0,03;53
BODOCÓ;2;0,01;96
CANHOTINHO;2;0,02;72
ESCADA;2;0,01;185
FERNANDO DE NORONHA;2;0,09;98
ITAPETIM;2;0,02;67
ITAQUITINGA;2;0,02;89
JAQUEIRA;2;0,03;73
JATAÚBA;2;0,02;86
LIMOEIRO;2;0,01;192
SALGADINHO;2;0,04;100
SÃO JOAQUIM DO MONTE;2;0,02;88
SÃO JOSÉ DA COROA GRANDE;2;0,02;138
TORITAMA;2;0,01;144
AMARAJI;1;0,01;142
BELÉM DE MARIA;1;0,01;97
BONITO;1;0,01;166
BREJINHO;1;0,02;63
BUENOS AIRES;1;0,01;106
CATENDE;1;0,01;166
CHÃ DE ALEGRIA;1;0,01;137
CONDADO;1;0,01;149
CUPIRA;1;0,01;139
DORMENTES;1;0,01;72
EXU;1;0,01;139
FEIRA NOVA;1;0,01;161
GRANITO;1;0,02;76
ITACURUBA;1;0,03;63
LAGOA DE ITAENGA;1;0,01;153
MACAPARANA;1;0,01;133
PALMARES;1;0,01;202
PAUDALHO;1;0,01;231
PRIMAVERA;1;0,01;122
QUIXABA;1;0,02;61
RIBEIRÃO;1;0,01;181
RIO FORMOSO;1;0,01;132
SAIRÉ;1;0,01;135
SANTA TEREZINHA;1;0,02;69
SOLIDÃO;1;0,02;67
TRINDADE;1;0,01;122
VERTENTES;1;0,01;138
VICÊNCIA;1;0,01;151
XEXÉU;1;0,01;101
BARREIROS;0;0,0;
CALUMBI;0;0,0;
CAMUTANGA;0;0,0;
CHÃ GRANDE;0;0,0;
CORTÊS;0;0,0;
FERREIROS;0;0,0;
GAMELEIRA;0;0,0;
JOAQUIM NABUCO;0;0,0;
LAGOA DO CARRO;0;0,0;
MACHADOS;0;0,0;
POMBOS;0;0,0;
SANTA FILOMENA;0;0,0;
SIRINHAÉM;0;0,0;
SÃO BENEDITO DO SUL;0;0,0;
SÃO VICENTE FÉRRER;0;0,0;
TAMANDARÉ;0;0,0;
TAQUARITINGA DO NORTE;0;0,0;
TRACUNHAÉM;0;0,0;
